SEASON APP | Cervical Mucus Content Guide | EN + DE;;;;;;;;;;;;;;;
;;;;;;;;;;;;;;;
;;;;;;;;;;;;;;;
;;;;;;;;;;;;;;;
#;Phase;"Season
EN/DE";"Slip Photo
(Image file)";"Slip Photo
Download link";"Finger Photo
(Image file)";"Finger Photo
Download Link";"Finger Video
Download Link";"Screen 1
Label (EN)";"Ebene 1
Label (DE)";"Screen 2
Text (EN)";"Ebene 2
Text (DE)";"Screenl 3
Text (EN)";"Ebene 3
Text (DE)";;
1;"Follicular Phase
(directly after period)


Follikelphase
(direkt nach den Tagen)";Winter / Winter;Picture;https://seasonvisions-my.sharepoint.com/:i:/g/personal/shanel_season_vision/IQANrtD-G_l1RKXnAjfqVtmWAZlo-83yGwa7Hox4j_Bzym0?e=r6ppAh;Picture;https://seasonvisions-my.sharepoint.com/:i:/g/personal/shanel_season_vision/IQA6hnLE5wJZR5qzAFVVCFdWARCIfSj39NDCt0bvkBSDfxA?e=P0Td1b;https://seasonvisions-my.sharepoint.com/:v:/g/personal/shanel_season_vision/IQDL7IwALJTtQaVcNFq0K9CzASPkbks2bgIZxlsqwPOm1gQ?nav=eyJyZWZlcnJhbEluZm8iOnsicmVmZXJyYWxBcHAiOiJPbmVEcml2ZUZvckJ1c2luZXNzIiwicmVmZXJyYWxBcHBQbGF0Zm9ybSI6IldlYiIsInJlZmVycmFsTW9kZSI6InZpZXciLCJyZWZlcnJhbFZpZXciOiJNeUZpbGVzTGlua0NvcHkifX0&e=y426dE;No mucus, dry sensation;Kein Schleim, trockenes Empfinden;Your body is still in its resting phase. You notice almost nothing at all. The vaginal opening feels neutral to dry. This is completely normal.;Dein Koerper ist noch in der Ruhephase. Du bemerkst kaum etwas, der Scheideneingang fuehlt sich neutral bis trocken an. Das ist voellig normal.;Directly after your period, your body is at the beginning of a new cycle. Estrogen levels are at their lowest, which means your cervix produces little to no mucus. You notice nothing specific at the vaginal opening, no moisture, no discharge on your underwear or toilet paper. Some women even describe a slightly dry or rough sensation. This is not a disruption. It is your body in its natural winter rest, before it slowly begins to bloom again.;Direkt nach deiner Periode befindet sich dein Koerper im Beginn eines neuen Zyklus. Der Oestrogenspiegel ist auf seinem niedrigsten Stand, weshalb deine Zervix kaum bis gar keinen Schleim produziert. Du nimmst am Scheideneingang nichts Bestimmtes wahr, kein Feuchtigkeitsgefuehl, kein Schleim auf dem Slip oder Toilettenpapier. Manche Frauen empfinden diesen Zeitraum sogar als leicht trocken oder rau. Das ist keine Stoerung, sondern dein Koerper in seiner natuerlichen Winterruhe, bevor er langsam wieder aufbluetzt.;;
2;"Follicular Phase
(milky, thick)


Follikelphase
(milchig, dickflussig)";Early Spring / Fruehling Beginn;Picture;https://seasonvisions-my.sharepoint.com/:i:/g/personal/shanel_season_vision/IQDkXsbZz3GmSJvw4CKiXL2ZAeQA7wydO4IuZ5VdpI8AZsA?e=De54cC;Picture;https://seasonvisions-my.sharepoint.com/:i:/g/personal/shanel_season_vision/IQCThI4aDcjNRpsK1T7FgR5mAUo8nKAgXqrbESUthDYcTzA?e=3nXYbJ;https://seasonvisions-my.sharepoint.com/:v:/g/personal/shanel_season_vision/IQAvkq83QjtETJdqi-tGpnneAbfmUog7oJrOvhubN4Bx61I?nav=eyJyZWZlcnJhbEluZm8iOnsicmVmZXJyYWxBcHAiOiJPbmVEcml2ZUZvckJ1c2luZXNzIiwicmVmZXJyYWxBcHBQbGF0Zm9ybSI6IldlYiIsInJlZmVycmFsTW9kZSI6InZpZXciLCJyZWZlcnJhbFZpZXciOiJNeUZpbGVzTGlua0NvcHkifX0&e=mNQBf2;Thick, milky, slightly moist;Dickflussig, milchig, leicht feucht;Your body is slowly waking up. You notice first traces of whitish or milky discharge on your underwear or when wiping. The vaginal opening feels slightly moist.;Dein Koerper wacht langsam auf. Du bemerkst erste Spuren von weisslichem oder milchigem Schleim auf der Unterwaesche. Der Scheideneingang fuehlt sich leicht feucht an.;With rising estrogen levels, your cervix begins producing mucus again. The mucus at this stage is thick and milky, similar to thin lotion. It leaves a whitish or cream-colored mark on underwear. The sensation at the vaginal opening shifts from neutral to slightly moist. Your body is preparing for the fertile phase and beginning to build a mucus bridge that will later help sperm find their way.;Mit steigendem Oestrogenspiegel beginnt deine Zervix, wieder aktiver Schleim zu produzieren. Der Schleim in dieser Phase ist dickflussig und milchig, aehnlich wie dunne Lotion. Er hinterlaesst einen weisslichen oder cremefarbenen Abdruck auf der Unterwaesche. Das Empfinden am Scheideneingang veraendert sich von neutral zu leicht feucht. Dein Koerper bereitet sich auf die fruchtbare Phase vor und beginnt, eine Schleimbruecke zu bauen, die Spermien spaeter den Weg erleichtert.;;
3;"Follicular Phase
(creamy)


Follikelphase
(cremig)";Spring / Fruehling;Picture;https://seasonvisions-my.sharepoint.com/:i:/g/personal/shanel_season_vision/IQA1GQW3WpKTQqROZpR4Q61uAW30dSeIV-MbcKoBRcnr6h4?e=QCDvRL;Picture;https://seasonvisions-my.sharepoint.com/:i:/g/personal/shanel_season_vision/IQDtFYP2SkPESrT-fhtBxtxMAYKi48Ja66EHQaspI2NM-zQ?e=SgG0Ml;https://seasonvisions-my.sharepoint.com/:v:/g/personal/shanel_season_vision/IQB2nuj65OXBSrWK7AnmgoCFAYFZqAaoghmrvbpgVjypWAI?nav=eyJyZWZlcnJhbEluZm8iOnsicmVmZXJyYWxBcHAiOiJPbmVEcml2ZUZvckJ1c2luZXNzIiwicmVmZXJyYWxBcHBQbGF0Zm9ybSI6IldlYiIsInJlZmVycmFsTW9kZSI6InZpZXciLCJyZWZlcnJhbFZpZXciOiJNeUZpbGVzTGlua0NvcHkifX0&e=yRUsZx;Creamy, more abundant, moist;Cremig, reichlicher, feucht;The mucus becomes visibly more and creamier. It feels like soft lotion between your fingers and you notice a clearly more moist sensation. Ovulation is approaching.;Der Schleim wird sichtbar mehr und cremiger. Er fuehlt sich an wie weiche Creme zwischen den Fingern und du nimmst ein deutlicheres Feuchtigkeitsgefuehl wahr.;In this phase, your estrogen levels continue to rise and your body produces noticeably more mucus. The consistency becomes creamier and thicker, similar to soft cream or yoghurt. It leaves a whitish to slightly yellowish stain on underwear. You notice a clear feeling of moisture at the vaginal opening. Your body is actively preparing to receive and nourish sperm. The creamier and more abundant the mucus, the closer your ovulation is.;In dieser Phase steigt dein Oestrogenspiegel weiter an und dein Koerper produziert spuerbar mehr Schleim. Die Konsistenz wird cremiger und dicker, aehnlich wie weiche Creme oder Joghurt. Auf der Unterwaesche hinterlaesst er einen weisslichen bis leicht gelblichen Fleck. Am Scheideneingang nimmst du ein merkliches Feuchtigkeitsgefuehl wahr. Dein Koerper ist aktiv dabei, die Spermien zu empfangen und zu naehren. Je cremiger und reichlicher der Schleim, desto naeher ist dein Eisprung.;;
4;"Follicular Phase
(stringy, elastic)


Follikelphase
(zaeh, elastisch)";Late Spring / Spaeter Fruehling;Picture;https://seasonvisions-my.sharepoint.com/:i:/g/personal/shanel_season_vision/IQDxeocfwpoOQK6GEpwa9p1hAUox37EquYWbYoJjKNWILCA?e=U5Umst;Picture;https://seasonvisions-my.sharepoint.com/:i:/g/personal/shanel_season_vision/IQDF5aOenRHCS6qDSuAklHMbAeOqZMoYaH6foyqD30c32qA?e=vAeO3M;https://seasonvisions-my.sharepoint.com/:v:/g/personal/shanel_season_vision/IQCGIDnf07S1S65qXkO27wMEAVd4Cj1pXtiV--aeKXqnydw?nav=eyJyZWZlcnJhbEluZm8iOnsicmVmZXJyYWxBcHAiOiJPbmVEcml2ZUZvckJ1c2luZXNzIiwicmVmZXJyYWxBcHBQbGF0Zm9ybSI6IldlYiIsInJlZmVycmFsTW9kZSI6InZpZXciLCJyZWZlcnJhbFZpZXciOiJNeUZpbGVzTGlua0NvcHkifX0&e=eHePhF;Stringy, elastic, stretchy, moist to wet;Zäh, elastisch, fadenziehend, feucht bis nass;Now it gets serious. The mucus forms threads when pulled between thumb and index finger without breaking immediately. You are in your peak fertile window.;Jetzt wird es ernst. Der Schleim zieht Faeden, wenn du ihn zwischen Daumen und Zeigefinger auseinanderziehst, ohne sofort zu reissen. Du bist in deiner fruchtbaren Hochphase.;Shortly before ovulation, the mucus quality changes significantly. It becomes tougher, elastic and thread-forming, similar to cooked egg white or soft chewing gum. When pulled between fingers, it forms a thread that can reach several centimeters before breaking. The color is milky to slightly clear. The vaginal opening feels moist to wet. This is a strong signal from your body: you are highly fertile. Sperm can survive in this mucus for up to 5 days.;Kurz vor dem Eisprung veraendert sich die Schleimqualitaet deutlich. Er wird zaeher, elastischer und fadenziehend, aehnlich wie gekochtes Eiweiss oder weicher Kaugummi. Wenn du ihn zwischen den Fingern auseinanderziehst, bildet er einen Faden, der mehrere Zentimeter lang werden kann, bevor er reisst. Die Farbe ist milchig bis leicht klar. Der Scheideneingang fuehlt sich feucht bis nass an. Das ist ein starkes Signal deines Koerpers: du bist hochfruchtbar. Spermien koennen sich in diesem Schleim bis zu 5 Tage am Leben erhalten.;;
5;"Ovulation
(clear, raw egg white)


Ovulation
(glasig, wie rohes Eiweiss)";Summer / Sommer;Picture;https://seasonvisions-my.sharepoint.com/:i:/g/personal/shanel_season_vision/IQDc4qv4u5fPSK2xrO7PlPznAa9TT0TEpaJ5JKnPrlHzylU?e=4UV6Zz;Picture;https://seasonvisions-my.sharepoint.com/:i:/g/personal/shanel_season_vision/IQCStcYq9z7eQoP6CoJWkFv-AcdQCB5OfUByW9xoHV47AwI?e=rNz4Df;https://seasonvisions-my.sharepoint.com/:v:/g/personal/shanel_season_vision/IQD2Hv5avhYXRJijuBW22CmFAVsrKCUNLQQkqannkBfUGGA?nav=eyJyZWZlcnJhbEluZm8iOnsicmVmZXJyYWxBcHAiOiJPbmVEcml2ZUZvckJ1c2luZXNzIiwicmVmZXJyYWxBcHBQbGF0Zm9ybSI6IldlYiIsInJlZmVycmFsTW9kZSI6InZpZXciLCJyZWZlcnJhbFZpZXciOiJNeUZpbGVzTGlua0NvcHkifX0&e=HPCmVy;Clear, extremely stretchy, wet;Glasig, extrem spinnbar, nass;This is your peak. The mucus is now clear like raw egg white, extremely stretchy and feels slippery or oily. The vaginal opening feels noticeably wet. This is your most fertile day.;Das ist dein Hoehepunkt. Der Schleim ist jetzt klar wie rohes Eiweiss, extrem spinnbar und fuehlt sich rutschig oder oelig an. Das ist dein fruchtbarster Tag.;At ovulation, your cervix produces the highest quality mucus of your entire cycle. It is glassy, almost transparent, extremely stretchy and feels slippery, oily or smooth. When pulled between fingers, it forms long, thin threads that can reach several centimeters without breaking. The vaginal opening feels noticeably wet, sometimes almost like something is running out. Some women also notice a reddish or brownish tint, which is a normal ovulation bleed. This is your most fertile day.;Zum Zeitpunkt des Eisprungs produziert deine Zervix den qualitativ besten Schleim deines gesamten Zyklus. Er ist glasig, fast transparent, extrem spinnbar und fuehlt sich rutschig, oelig oder glatt an. Wenn du ihn zwischen den Fingern auseinanderziehst, bildet er lange, dunne Faeden, die ohne zu reissen mehrere Zentimeter erreichen koennen. Der Scheideneingang fuehlt sich deutlich nass an, manchmal fast wie ein leichtes Herauslaufen. Manche Frauen bemerken auch einen roetlichen oder braeunlichen Einschlag, was als Ovulationsblutung voellig normal ist. Dies ist dein fruchtbarster Tag.;;
6;"Luteal Phase
(lumpy)


Lutealphase
(klumpig)";Early Autumn / Frueherbst;Picture;https://seasonvisions-my.sharepoint.com/:i:/g/personal/shanel_season_vision/IQDmwwJFAGtmTr2K2aKyRf44ARMWnwUhAV_-3vx2vGkZXkE?e=RFHwbB;Picture;https://seasonvisions-my.sharepoint.com/:i:/g/personal/shanel_season_vision/IQAMARJp806uRriq0nxEE_rlAaNCqzu_9jZsUyvK26fbLzg?e=jmzdtx;https://seasonvisions-my.sharepoint.com/:v:/g/personal/shanel_season_vision/IQA8Tu2yWuBfQaClV76p-Mj5ASwzYUeWEmRT9vcX6qDyLSU?nav=eyJyZWZlcnJhbEluZm8iOnsicmVmZXJyYWxBcHAiOiJPbmVEcml2ZUZvckJ1c2luZXNzIiwicmVmZXJyYWxBcHBQbGF0Zm9ybSI6IldlYiIsInJlZmVycmFsTW9kZSI6InZpZXciLCJyZWZlcnJhbFZpZXciOiJNeUZpbGVzTGlua0NvcHkifX0&e=d9WGIZ;Lumpy, less mucus, becoming drier;Klumpig, weniger Schleim, trockener werdend;Ovulation is over. The mucus becomes lumpier and noticeably decreases in volume. The moisture feeling fades and your body shifts slowly into autumn mode.;Der Eisprung ist vorbei. Der Schleim wird klumpiger und die Menge nimmt spürbar ab. Das Feuchtigkeitsgefuehl laesst nach und dein Körper schaltet in den Herbstmodus.;Directly after ovulation, your progesterone levels rise and fundamentally change the mucus quality. The mucus becomes lumpier, less cohesive and noticeably decreases in volume. It can barely be pulled into threads and breaks off quickly. The cervix begins to close with a mucus plug that keeps sperm and germs out. You notice an increasing dryness at the vaginal opening. Your body is now in the early luteal phase, preparing for possible implantation, or the next period.;Direkt nach dem Eisprung steigt dein Progesteronspiegel an und veraendert die Schleimqualitaet grundlegend. Der Schleim wird klumpiger, weniger zusammenhaengend und nimmt deutlich in Menge ab. Er laesst sich kaum noch zu Faeden ziehen und bricht schnell ab. Die Zervix beginnt, sich mit einem Schleimpfropf zu verschliessen, der Spermien und Keime fernhaelt. Am Scheideneingang nimmst du ein zunehmendes Trockenheitsgefuehl wahr. Dein Koerper befindet sich jetzt in der fruehen Lutealphase und bereitet sich vor.;;
7;"Luteal Phase
(thick, cloudy, sticky)


Lutealphase
(dickflussig, trueb, klebrig)";Autumn / Herbst;Picture;https://seasonvisions-my.sharepoint.com/:i:/g/personal/shanel_season_vision/IQDMBiFW7cMMRosMfqdhOcXkAU6cuS7o3uj92WrzFXUNWZs?e=e8Lp1S;Picture;https://seasonvisions-my.sharepoint.com/:i:/g/personal/shanel_season_vision/IQA_l-sEY8YxQZGPKF6En-_fAcyV9-rldy2hiexdsV011XA?e=sD0NZG;https://seasonvisions-my.sharepoint.com/:v:/g/personal/shanel_season_vision/IQBWJm5FFDm8QoJYjFDt_2qJAdputmTDVml58ZkS0Aeo2T8?nav=eyJyZWZlcnJhbEluZm8iOnsicmVmZXJyYWxBcHAiOiJPbmVEcml2ZUZvckJ1c2luZXNzIiwicmVmZXJyYWxBcHBQbGF0Zm9ybSI6IldlYiIsInJlZmVycmFsTW9kZSI6InZpZXciLCJyZWZlcnJhbFZpZXciOiJNeUZpbGVzTGlua0NvcHkifX0&e=HqcS4m;Thick, cloudy, sticky, barely any mucus;Dickflussig, trueb, klebrig, kaum Schleim;Your body is preparing for the next period. The little mucus remaining feels thick, cloudy and sticky, almost like paste. The sensation is dry to barely moist.;Dein Koerper bereitet sich auf die naechste Periode vor. Der wenige Schleim, den du noch bemerkst, ist dickflussig, trueb und klebrig. Das Empfinden ist trocken bis kaum feucht.;In the days before the next period, mucus production is at its minimum. What remains looks thick, cloudy and sticky, almost like glue paste. It barely leaves traces on underwear. The vaginal opening feels dry to slightly moist, without any notable wetness. Both your estrogen and progesterone levels are dropping. This is the end of a complete cycle and at the same time the beginning of the next bloom.;In den Tagen vor der naechsten Periode ist die Schleimproduktion auf ihrem Minimum. Was noch vorhanden ist, wirkt dickflussig, trueb und klebrig, fast wie Kleister. Es hinterlaesst kaum noch Spuren auf der Unterwaesche. Der Scheideneingang fuehlt sich trocken bis leicht feucht an, ohne ein ausgepraegtes Naessegefuehl. Dein Oestrogen- und Progesteronspiegel sinken beide ab. Das ist das Ende eines vollstaendigen Zyklus und gleichzeitig der Beginn des naechsten Aufbluehens.;;
;;Spotting;Picture;https://seasonvisions-my.sharepoint.com/:i:/g/personal/shanel_season_vision/IQBoq5jwTJbTR6_UFVyh7Z9UAQdUQemero_fDozxKTRuz_E?e=lzX4Lh;;;;;;;;;;;
;;Period;Picture;https://seasonvisions-my.sharepoint.com/:i:/g/personal/shanel_season_vision/IQAOtn-RtyzgT4cAzTtv1XgyAbQTP6W2bLDdOfX3OGcft6g?e=gSodi1;;;;;;;;;;;
